項次,主分頁,次分頁,指標名稱,圖表種類,重複項次,計算公式,是否依賴HIS資料
1,基本資料,-,總收案件數,數值卡,,所有通報個案數（含未收案／未開案者）【差異】原清單名稱為「總通報數」；儀表板稱「總收案件數」但數字含未轉介／未開案,
2,基本資料,-,待派案件數,數值卡,,已通報、尚未派案（指派醫師／護理師）的案件數【原清單無】定義待確認,
3,基本資料,-,已派案件數,數值卡,,已派案、尚未結案的案件數【原清單無】定義待確認；原清單另有「在管個案＝已收案／已開案個案數」儀表板未呈現，是否即本項待確認,
4,基本資料,-,結案件數,數值卡,,已結案個案數（原清單名稱「結案總數」）,
5,基本資料,-,未轉介 / 開案件數,數值卡,,未轉介或未開案的案件數【原清單無】定義待確認,
6,基本資料,-,臺北市各行政區通報案件數,直條圖（手機版為橫條圖）,,依個案通報的發生地址／居住地址／聯絡地址所屬行政區，統計各行政區通報案件數（三種地址以何者為準待確認）,
7,基本資料,-,年齡（各年齡層案件數）,直條圖（手機版為橫條圖）,,個案各年齡群組（0-10、10-20…70-80、80+）的案件數,
8,基本資料,-,性別（男／女人數與占比）,圓餅圖,,個案性別比：男、女個案數，及各占全部個案的百分比,
9,基本資料,-,通報案件區域分布｜臺北市行政區（通報地址點位、依初評風險分級、同址合併顯示件數）,點位地圖（彈窗：查看熱點地圖）,,每筆通報依通報地址座標落點；同一地址多筆合併為一點並顯示件數；顏色為初評風險等級（同址取最高風險）【原清單無】為「通報行政區域分析」的延伸；初評風險採哪一份量表待確認（原型沿用項次 15 的分布）,
10,基本資料,-,通報案件區域分布｜初評風險等級件數（高風險／中風險／低風險）,地圖圖例數值（彈窗：查看熱點地圖）,,目前範圍內各初評風險等級（高／中／低）的通報案件數【原清單無】,
11,基本資料,-,通報案件區域分布｜目前範圍案件數,數值卡（彈窗：查看熱點地圖）,,目前選取範圍（預設臺北市全區；點選行政區後為該區）的通報案件數【原清單無】,
12,基本資料,-,通報案件區域分布｜行政區排行（各行政區通報案件數與初評風險組成）,排行榜＋堆疊橫條圖（彈窗：查看熱點地圖）,,各行政區通報案件數由多到少排序；長條為該區高／中／低風險案件數組成【原清單無】,
13,基本資料,-,通報案件區域分布｜全臺縣市分布（各縣市通報案件數）,面量圖（彈窗：查看熱點地圖）,,依通報地址所屬縣市統計各縣市通報案件數，依件數多寡著色【原清單無】,
14,基本資料,-,通報案件區域分布｜縣市排行（各縣市通報案件數）,排行榜（彈窗：查看熱點地圖）,,各縣市通報案件數由多到少排序【原清單無】,
15,通報案件風險分析,-,初評｜風險檢傷評估（輕度 / 低風險、中度 / 中風險、重度 / 高風險占比）,100% 堆疊橫條圖,,各等級人次 ÷ 三個等級人次合計 ×100%。分級：高度＝危險性 4 分（含）以上＋支持系統 4 分（含）以上；中度＝危險性 3 分＋支持系統 3 分（含）以上；低度＝危險性 2 分（含）以下＋支持系統 2 分（含）以下【差異】原清單為各等級人次，儀表板呈現占比；原清單名稱為「高風險檢傷評估量表」,
16,通報案件風險分析,-,初評｜GAF（輕度 / 低風險、中度 / 中風險、重度 / 高風險占比）,100% 堆疊橫條圖,,各等級人次 ÷ 三個等級人次合計 ×100%。分級：61 以上輕度；51–60 中度；50 以下重度【差異】原清單為各等級人次，儀表板呈現占比,
17,通報案件風險分析,-,初評｜BSRS-5（輕度 / 低風險、中度 / 中風險、重度 / 高風險占比）,100% 堆疊橫條圖,,各等級人次 ÷ 三個等級人次合計 ×100%。分級：6–9 輕度；10–14 中度；15 以上重度（5 分以下未定義）【差異】原清單為各等級人次，儀表板呈現占比,
18,通報案件風險分析,-,初評｜CGI-S（輕度 / 低風險、中度 / 中風險、重度 / 高風險占比）,100% 堆疊橫條圖,,各等級人次 ÷ 三個等級人次合計 ×100%。分級：2–3 輕度；4 中度；5–7 重度（1 分未定義）【差異】原清單為各等級人次，儀表板呈現占比,
19,案件處理效率指標,總覽,高風險個案處理時間（平均）,橫條圖＋數值（附樣本數 N）,,高風險個案的處理完成時間 − 通報時間，取平均。處理完成時間：緊急醫療為完成「受理方式」、優化計畫為完成首次訪視；風險分級以通報時填報的數據為準,
20,案件處理效率指標,總覽,中風險個案處理時間（平均）,橫條圖＋數值（附樣本數 N）,,中風險個案的處理完成時間 − 通報時間，取平均。處理完成時間：緊急醫療為完成「受理方式」、優化計畫為完成首次訪視；風險分級以通報時填報的數據為準【差異】原清單此列公式文字誤植為「高風險」,
21,案件處理效率指標,總覽,低風險個案處理時間（平均）,橫條圖＋數值（附樣本數 N）,,低風險個案的處理完成時間 − 通報時間，取平均。處理完成時間：緊急醫療為完成「受理方式」、優化計畫為完成首次訪視；風險分級以通報時填報的數據為準【差異】原清單此列公式文字誤植為「高風險」,
22,案件處理效率指標,總覽,緊醫案件結案率,摘要數值卡（點擊切換至「緊急醫療處置效率」）,,已結案案件數 ÷ 所有通報數（受理方式為電話或電話＋緊急醫療出勤）×100%,
23,案件處理效率指標,總覽,緊醫出勤總反應時間,摘要數值卡（點擊切換至「緊急醫療處置效率」）,,醫療實際出勤時間（「出勤單」填寫的出勤年、月、日、時間）− 「系統」網絡通報完成時間【差異】儀表板取平均；原清單註1為中位數及P90,
24,案件處理效率指標,總覽,衛生局轉介案件開案率,摘要數值卡（點擊切換至「優化計畫醫院端處置效率」）,,開案件數 ÷ 衛生局轉介三總北投總案件數 ×100%,
25,案件處理效率指標,總覽,回覆衛生局時間,摘要數值卡（點擊切換至「優化計畫醫院端處置效率」）,,「系統」醫療完成「醫療機構回覆單」的時間 − 「系統」完成指派醫師／護理師的時間【差異】儀表板取平均；原清單註1為中位數及P90,
26,案件處理效率指標,總覽,衛生局轉介本院率,摘要數值卡（點擊切換至「優化計畫衛生局處置效率」）,,轉介三總北投案件數（衛生局優化計畫回覆單勾選「轉介三總北投」）÷ 衛生局完成回覆單案件數 ×100%,
27,案件處理效率指標,總覽,衛生局回覆通報時間,摘要數值卡（點擊切換至「優化計畫衛生局處置效率」）,,「系統」衛生局完成優化計畫「回覆單」時間 − 「系統」網絡完成通報時間【差異】儀表板取平均；原清單註1為中位數及P90,
28,案件處理效率指標,緊急醫療處置效率,緊醫案件結案率,圓環圖,,已結案案件數 ÷ 所有通報數（受理方式為電話或電話＋緊急醫療出勤）×100%,
29,案件處理效率指標,緊急醫療處置效率,緊醫電話處置率,圓環圖（另於電話流程標題顯示數值）,,受理方式為電話諮詢的案件數 ÷ 所有通報數（受理方式為電話或電話＋緊急醫療出勤）×100%,
30,案件處理效率指標,緊急醫療處置效率,緊醫出勤處置率,圓環圖（另於電話＋出勤流程標題顯示數值）,,受理方式為電話＋緊急醫療出勤的案件數 ÷ 所有通報數（受理方式為電話或電話＋緊急醫療出勤）×100%,
31,案件處理效率指標,緊急醫療處置效率,緊醫通報後派案時間（完成通報 → 完成派案）,流程時間軸,,「系統」醫療管理員完成指派（給醫師／護理師）的時間 − 「系統」網絡通報完成時間【差異】儀表板取平均；原清單註1為中位數及P90,
32,案件處理效率指標,緊急醫療處置效率,緊醫首次專業評估時間（完成派案 → 完成受理方式）,流程時間軸,,「系統」首次完成「受理方式」表單的時間 − 「系統」醫療管理員完成指派（給醫師／護理師）的時間【差異】儀表板取平均；原清單註1為中位數及P90,
33,案件處理效率指標,緊急醫療處置效率,緊醫電話受理總反應時間（電話流程）,流程時間軸總計數值,,受理方式為「電話諮詢」的案件：「系統」首次完成「受理方式」表單的時間 − 「系統」網絡通報完成時間（＝通報後派案時間＋首次專業評估時間，不含出勤準備），取平均【原清單無】儀表板新增,
34,案件處理效率指標,緊急醫療處置效率,緊醫出勤準備時間（完成受理方式 → 實際出勤）,流程時間軸,,醫療實際出勤時間（「出勤單」填寫的出勤年、月、日、時間）− 「系統」首次完成「受理方式」表單的時間【差異】儀表板取平均；原清單註1為中位數及P90,
35,案件處理效率指標,緊急醫療處置效率,緊醫出勤總反應時間（電話＋出勤流程）,流程時間軸總計數值,,醫療實際出勤時間（「出勤單」填寫的出勤年、月、日、時間）− 「系統」網絡通報完成時間【差異】儀表板取平均；原清單註1為中位數及P90,
36,案件處理效率指標,優化計畫醫院端處置效率,衛生局轉介案件開案率,數值卡,,開案件數 ÷ 衛生局轉介三總北投總案件數 ×100%,
37,案件處理效率指標,優化計畫醫院端處置效率,暫不轉介覆核同意率,數值卡,,本院填寫「不轉介覆核單」為「同意」的案件數 ÷ 衛生局不轉介案件數 ×100%,
38,案件處理效率指標,優化計畫醫院端處置效率,暫不轉介覆核駁回率,數值卡,,本院填寫「不轉介覆核單」為「駁回」的案件數 ÷ 衛生局不轉介案件數 ×100%,
39,案件處理效率指標,優化計畫醫院端處置效率,暫不轉介案件醫療介入率,數值卡,,衛生局不轉介醫療機構但本院開案的件數 ÷ 衛生局不轉介案件數 ×100%,
40,案件處理效率指標,優化計畫醫院端處置效率,暫不轉介案件覆核時間,數值卡,,「系統」本院完成不轉介覆核單時間 − 「系統」衛生局完成優化計畫回覆單時間【差異】儀表板取平均；原清單註1為中位數及P90,
41,案件處理效率指標,優化計畫醫院端處置效率,轉介案件派案時間,數值卡,,「系統」完成醫師／護理師指派時間 − 「系統」衛生局完成優化計畫回覆單時間【差異】儀表板取平均；原清單註1為中位數及P90,
42,案件處理效率指標,優化計畫醫院端處置效率,轉介案件首次聯繫時間,數值卡,,「醫療機構回覆單」填寫的「進行聯繫時間」− 「系統」衛生局完成優化計畫回覆單時間【差異】儀表板取平均；原清單註1為中位數及P90,
43,案件處理效率指標,優化計畫醫院端處置效率,派案後首次聯繫時間,數值卡,,「醫療機構回覆單」填寫的「進行聯繫時間」− 「系統」完成醫師／護理師指派時間【差異】儀表板取平均；原清單註1為中位數及P90,
44,案件處理效率指標,優化計畫醫院端處置效率,首次專業評估時間,數值卡,,評估階段訪視紀錄單填寫的「訪視日期時間-開始」− 「系統」完成醫師／護理師指派時間【差異】儀表板取平均；原清單註1為中位數及P90,
45,案件處理效率指標,優化計畫醫院端處置效率,回覆衛生局時間,數值卡,,「系統」醫療完成「醫療機構回覆單」的時間 − 「系統」完成指派醫師／護理師的時間【差異】儀表板取平均；原清單註1為中位數及P90,
46,案件處理效率指標,優化計畫衛生局處置效率,已完成衛生局回覆單件數,數值,,衛生局已完成優化計畫回覆單的案件數（本頁各比率的分母）【原清單無】未單獨列為指標,
47,案件處理效率指標,優化計畫衛生局處置效率,衛生局回覆單分流結果｜轉介三總北投（占比與件數）,分流流程圖,,件數＝衛生局優化計畫回覆單勾選「轉介三總北投」的案件數；占比＝件數 ÷ 衛生局完成回覆單案件數 ×100%（占比即衛生局轉介本院率）,
48,案件處理效率指標,優化計畫衛生局處置效率,衛生局回覆單分流結果｜轉介他院（占比與件數）,分流流程圖,,件數＝轉介醫療機構案件數 − 轉介三總北投案件數；占比＝件數 ÷ 衛生局完成回覆單案件數 ×100%【原清單無】,
49,案件處理效率指標,優化計畫衛生局處置效率,衛生局回覆單分流結果｜暫不轉介（占比與件數）,分流流程圖,,件數＝衛生局優化計畫回覆單勾選「暫不轉介」的案件數；占比＝件數 ÷ 衛生局完成回覆單案件數 ×100%（占比即衛生局暫不轉介率）,
50,案件處理效率指標,優化計畫衛生局處置效率,衛生局醫療轉介率,數值卡,,轉介醫療機構案件數（衛生局優化計畫回覆單勾選「轉介」）÷ 衛生局完成回覆單案件數 ×100%【差異】分母待確認：原清單註記「分母應該是所有轉介案」，儀表板目前以衛生局完成回覆單案件數計算,
51,案件處理效率指標,優化計畫衛生局處置效率,衛生局轉介本院率,數值卡,,轉介三總北投案件數（衛生局優化計畫回覆單勾選「轉介三總北投」）÷ 衛生局完成回覆單案件數 ×100%,
52,案件處理效率指標,優化計畫衛生局處置效率,本院醫療轉介占率,數值卡,,轉介三總北投案件數（衛生局優化計畫回覆單勾選「轉介三總北投」）÷ 衛生局轉介醫療機構案件數 ×100%,
53,案件處理效率指標,優化計畫衛生局處置效率,衛生局暫不轉介率,數值卡,,不轉介案件數（衛生局優化計畫回覆單勾選「暫不轉介」）÷ 衛生局完成回覆單案件數 ×100%,
54,案件處理效率指標,優化計畫衛生局處置效率,暫不轉介原因分布（原因、人數、百分比）,表格,,各暫不轉介原因（回覆單選項）的案件數 ÷ 衛生局不轉介案件數 ×100%,
55,案件處理效率指標,優化計畫衛生局處置效率,衛生局訪視時間,數值列表,,衛生局填寫在優化計畫「回覆單」的「訪視日期」− 「系統」網絡完成通報時間【差異】儀表板取平均；原清單註1為中位數及P90,
56,案件處理效率指標,優化計畫衛生局處置效率,衛生局分流決策時間,數值列表,,衛生局填寫在優化計畫「回覆單」的「派案日期」− 「系統」網絡完成通報時間【差異】儀表板取平均；原清單註1為中位數及P90,
57,案件處理效率指標,優化計畫衛生局處置效率,衛生局回覆通報時間,數值列表,,「系統」衛生局完成優化計畫「回覆單」時間 − 「系統」網絡完成通報時間【差異】儀表板取平均；原清單註1為中位數及P90,
58,精神症狀改善成效指標,改善情況,BSRS-5 三個月（平均改善率；改善／持平／變差人數與占比）,圓環圖（中心顯示平均改善率、附樣本數 N）,,個案改善率＝［（初評量表分數 − 3 個月後量表分數）÷ 初評量表分數］×100%；平均改善率＝各個案改善率的平均；改善（> +1.0%）、持平（−1.0%～+1.0%）、變差（< −1.0%）各自人數 ÷ N【差異】原清單只定義改善率公式；平均改善率與三類門檻為儀表板設定,
59,精神症狀改善成效指標,改善情況,BSRS-5 六個月（平均改善率；改善／持平／變差人數與占比）,圓環圖（中心顯示平均改善率、附樣本數 N）,,個案改善率＝［（初評量表分數 − 6 個月後量表分數）÷ 初評量表分數］×100%；平均改善率＝各個案改善率的平均；改善（> +1.0%）、持平（−1.0%～+1.0%）、變差（< −1.0%）各自人數 ÷ N【差異】原清單只定義改善率公式；平均改善率與三類門檻為儀表板設定,
60,精神症狀改善成效指標,改善情況,CGI-S 三個月（平均改善率；改善／持平／變差人數與占比）,圓環圖（中心顯示平均改善率、附樣本數 N）,,個案改善率＝［（初評量表分數 − 3 個月後量表分數）÷ 初評量表分數］×100%；平均改善率＝各個案改善率的平均；改善（> +1.0%）、持平（−1.0%～+1.0%）、變差（< −1.0%）各自人數 ÷ N【差異】原清單只定義改善率公式；平均改善率與三類門檻為儀表板設定,
61,精神症狀改善成效指標,改善情況,CGI-S 六個月（平均改善率；改善／持平／變差人數與占比）,圓環圖（中心顯示平均改善率、附樣本數 N）,,個案改善率＝［（初評量表分數 − 6 個月後量表分數）÷ 初評量表分數］×100%；平均改善率＝各個案改善率的平均；改善（> +1.0%）、持平（−1.0%～+1.0%）、變差（< −1.0%）各自人數 ÷ N【差異】原清單只定義改善率公式；平均改善率與三類門檻為儀表板設定,
62,精神症狀改善成效指標,改善情況,GAF 三個月（平均改善率；改善／持平／變差人數與占比）,圓環圖（中心顯示平均改善率、附樣本數 N）,,個案改善率＝［（3 個月後量表分數 − 初評量表分數）÷ 初評量表分數］×100%（GAF 分數越高越好，方向與其他量表相反）；平均改善率＝各個案改善率的平均；改善（> +1.0%）、持平（−1.0%～+1.0%）、變差（< −1.0%）各自人數 ÷ N【差異】原清單只定義改善率公式；平均改善率與三類門檻為儀表板設定,
63,精神症狀改善成效指標,改善情況,GAF 六個月（平均改善率；改善／持平／變差人數與占比）,圓環圖（中心顯示平均改善率、附樣本數 N）,,個案改善率＝［（6 個月後量表分數 − 初評量表分數）÷ 初評量表分數］×100%（GAF 分數越高越好，方向與其他量表相反）；平均改善率＝各個案改善率的平均；改善（> +1.0%）、持平（−1.0%～+1.0%）、變差（< −1.0%）各自人數 ÷ N【差異】原清單只定義改善率公式；平均改善率與三類門檻為儀表板設定,
64,精神症狀改善成效指標,改善情況,風險減傷評估 三個月（平均改善率；改善／持平／變差人數與占比）,圓環圖（中心顯示平均改善率、附樣本數 N）,,個案改善率＝［（初評量表分數 − 3 個月後量表分數）÷ 初評量表分數］×100%；平均改善率＝各個案改善率的平均；改善（> +1.0%）、持平（−1.0%～+1.0%）、變差（< −1.0%）各自人數 ÷ N【差異】原清單只定義改善率公式；平均改善率與三類門檻為儀表板設定；原清單名稱為「高風險檢傷評估量表」,
65,精神症狀改善成效指標,改善情況,風險減傷評估 六個月（平均改善率；改善／持平／變差人數與占比）,圓環圖（中心顯示平均改善率、附樣本數 N）,,個案改善率＝［（初評量表分數 − 6 個月後量表分數）÷ 初評量表分數］×100%；平均改善率＝各個案改善率的平均；改善（> +1.0%）、持平（−1.0%～+1.0%）、變差（< −1.0%）各自人數 ÷ N【差異】原清單只定義改善率公式；平均改善率與三類門檻為儀表板設定；原清單名稱為「高風險檢傷評估量表」,
66,精神症狀改善成效指標,改善情況,個案明細（通報類別、改善百分比、改善類別）,表格（彈窗：點擊任一圓環圖）,,逐筆列出所選量表的個案：通報類別、改善百分比（同該量表的個案改善率公式）、改善類別（改善／持平／變差門檻同上）【原清單無】,
67,精神症狀改善成效指標,評估表填寫狀況,結案後 3 個月｜應回收份數,數值標籤,,結案後滿 3 個月、應回收追蹤量表的份數（回收率的分母）【原清單無】未單獨列為指標；計入條件待確認,
68,精神症狀改善成效指標,評估表填寫狀況,結案後 3 個月｜追蹤量表可追蹤率,數值卡＋進度條,,填表且有寫分數的份數 ÷ 已回收份數 ×100%,
69,精神症狀改善成效指標,評估表填寫狀況,結案後 3 個月｜追蹤量表回收率,數值卡,,有填寫評估量表的份數 ÷ 應回收份數 ×100%,
70,精神症狀改善成效指標,評估表填寫狀況,結案後 3 個月｜追蹤量表無法填答率,數值卡,,填表且勾選無法填答的份數 ÷ 已回收份數 ×100%,
71,精神症狀改善成效指標,評估表填寫狀況,結案後 6 個月｜應回收份數,數值標籤,,結案後滿 6 個月、應回收追蹤量表的份數（回收率的分母）【原清單無】未單獨列為指標；計入條件待確認,
72,精神症狀改善成效指標,評估表填寫狀況,結案後 6 個月｜追蹤量表可追蹤率,數值卡＋進度條,,填表且有寫分數的份數 ÷ 已回收份數 ×100%,
73,精神症狀改善成效指標,評估表填寫狀況,結案後 6 個月｜追蹤量表回收率,數值卡,,有填寫評估量表的份數 ÷ 應回收份數 ×100%,
74,精神症狀改善成效指標,評估表填寫狀況,結案後 6 個月｜追蹤量表無法填答率,數值卡,,填表且勾選無法填答的份數 ÷ 已回收份數 ×100%,
75,精神症狀改善成效指標,後續醫療資源使用狀況,優化計畫結案每月醫療使用次數變化｜每月使用門診次數變化,數值＋數線標記,,結案時每月使用門診次數 − 第一次評估訪視時每月使用門診次數（優化計畫專屬指標）,
76,精神症狀改善成效指標,後續醫療資源使用狀況,優化計畫結案每月醫療使用次數變化｜每月使用急診次數變化,數值＋數線標記,,結案時每月使用急診次數 − 第一次評估訪視時每月使用急診次數（優化計畫專屬指標）,
77,精神症狀改善成效指標,後續醫療資源使用狀況,後續醫療資源使用成效｜個案再住院次數,數值列表,,結案後住院次數 − 收案／開案時過去一年精神科住院次數（結案後的統計期間未定義，待確認）,HIS 住院紀錄：以已結案個案身分證字號比對，取得結案後住院次數（原清單資料來源欄填「平台」，備註另提改由結案後追蹤表新增題目取得，待確認）
78,精神症狀改善成效指標,後續醫療資源使用狀況,後續醫療資源使用成效｜個案身心科門診治療成效,數值列表,,結案後身心科門診使用次數 − 收案／開案時過去一年精神科門診次數（結案後的統計期間未定義，待確認）,HIS 身心科門診紀錄：以已結案個案身分證字號比對，取得結案後身心科門診使用次數（原清單資料來源欄填「平台」，備註另提改由結案後追蹤表新增題目取得，待確認）
79,精神症狀改善成效指標,後續醫療資源使用狀況,後續醫療資源使用成效｜個案居家照護科門診治療成效,數值列表,,結案後居家照護科門診使用次數 − 收案／開案時過去一年精神科門診次數（結案後的統計期間未定義，待確認）,HIS 居家照護科門診紀錄：以已結案個案身分證字號比對，取得結案後居家照護科門診使用次數（原清單資料來源欄填「平台」，備註另提改由結案後追蹤表新增題目取得，待確認）
80,AI模型預測準確率,-,AI 預測與專業評估有多接近（AI模型預測分數 × 專業人員實測分數）,回歸線圖（整體趨勢線＋完全一致基準線）,,以系統內所有「AI 模型預測分數」與「專業人員實測分數」（皆 3–15 分）都完整的個案，做簡單線性迴歸（實測分數＝截距＋斜率×預測分數）畫出整體趨勢線，另畫「預測＝實測」的完全一致基準線【差異】原清單為「高風險個案預測」散佈迴歸圖（系統依量表分數判斷的風險程度與管理者判斷的風險程度相關性），儀表板未畫出個案散佈點,
81,AI模型預測準確率,-,預測吻合程度,數值卡,,AI 模型預測分數與專業人員實測分數的皮爾森相關係數 r（越接近 1 越一致；以系統內所有比對資料計算，不受日期篩選）,
82,AI模型預測準確率,-,累積比對資料,數值卡,,「AI 預測」與「專業人員評估」分數都完整的個案筆數（系統內所有資料）【原清單無】未單獨列為指標,
83,AI模型預測準確率,-,AI 預測吻合程度變化（累積比對資料 × 吻合程度）,折線圖（彈窗：點擊預測吻合程度）,,各時點（模型版本）累積比對資料筆數所對應的預測吻合程度（公式同項次 81）【原清單無】,
84,通報者基本資料分析,-,轉介人所屬單位占比,圓餅圖,,各網絡單位轉介（通報）數 ÷ 總轉介數 ×100%【差異】原清單「轉介人所屬單位過去轉介率」分母為「總已收案 OR 已開案數」，單位列衛政、社政、勞政、警消四類；儀表板為七大網絡（社政、警察、民政、衛政、教育、消防、勞政），分母為總轉介數,
85,通報者基本資料分析,-,總轉介數,數值（圓餅圖副標）,,七大網絡轉介（通報）數合計【原清單無】未單獨列為指標,
86,通報者基本資料分析,-,七大網絡轉介數量,直條圖（手機版為橫條圖）,,各網絡單位轉介（通報）個案數【差異】原清單（轉介人所屬單位／過去轉介數）呈現方式為圓餅圖、單位列四類、統計頻率含每週；儀表板為長條圖、七大網絡，快速篩選為本日／本月／本季／本年度,
87,通報者基本資料分析,-,平台使用者滿意度調查回收率,直條圖（手機版為橫條圖）,,各單位已完成填寫的滿意度問卷份數 ÷ 該單位應填問卷份數 ×100%（問卷於個案結案當日發送，3 日內完成填寫）【差異】原清單未定義回收率公式，分母待確認,
88,通報者基本資料分析,-,平台使用者滿意度調查分數,直條圖（手機版為橫條圖）,,各單位已回收問卷所有填答分數的平均（每題 1–5 分；兩題：系統使用者介面滿意度、醫療團隊處置滿意度）,
89,醫療機構端處理成效分析,-,緊急醫療結案後轉介至本院醫療系統比例,數值卡＋進度條,,（結案日後在 HIS 系統有門診、居家或住院就醫紀錄的緊急醫療個案數 ÷ 緊急醫療總通報個案數）×100%,HIS 門診、居家、住院就醫紀錄：以已結案個案身分證字號比對結案日後是否有就醫紀錄
90,醫療機構端處理成效分析,-,優化計畫結案後轉介至本院醫療系統比例,數值卡＋進度條,,（結案日後在 HIS 系統有門診、居家或住院就醫紀錄的優化計畫個案數 ÷ 優化計畫總通報個案數）×100%,HIS 門診、居家、住院就醫紀錄：以已結案個案身分證字號比對結案日後是否有就醫紀錄
91,醫療機構端處理成效分析,-,已結案後個案再住院次數,數值卡（含增減趨勢）,77,結案後住院次數 − 收案／開案時過去一年精神科住院次數（結案後的統計期間未定義，待確認）,HIS 住院紀錄：以已結案個案身分證字號比對，取得結案後住院次數（原清單資料來源欄填「平台」，備註另提改由結案後追蹤表新增題目取得，待確認）
92,醫療機構端處理成效分析,-,已結案後個案身心科門診治療成效,數值卡（含增減趨勢）,78,結案後身心科門診使用次數 − 收案／開案時過去一年精神科門診次數（結案後的統計期間未定義，待確認）,HIS 身心科門診紀錄：以已結案個案身分證字號比對，取得結案後身心科門診使用次數（原清單資料來源欄填「平台」，備註另提改由結案後追蹤表新增題目取得，待確認）
93,醫療機構端處理成效分析,-,已結案後個案居家照護科門診治療成效,數值卡（含增減趨勢）,79,結案後居家照護科門診使用次數 − 收案／開案時過去一年精神科門診次數（結案後的統計期間未定義，待確認）,HIS 居家照護科門診紀錄：以已結案個案身分證字號比對，取得結案後居家照護科門診使用次數（原清單資料來源欄填「平台」，備註另提改由結案後追蹤表新增題目取得，待確認）
94,醫療機構端處理成效分析,-,結案追蹤率,數值卡＋進度條,,（平台個案轉介至三總北投居家、門診或住院數 ÷ 已結案個案數）×100%【原清單無】與項次 89、90 概念相近但分母不同（已結案個案數／總通報個案數）；原清單另有「結案個案轉介資源比率＝結案個案轉介資源人數 ÷ 收案總人數」（依結案訪視紀錄單的醫療資源轉介選項）儀表板未呈現，兩者是否為同一指標待確認,HIS（三總北投）門診、居家、住院紀錄：判定平台個案是否轉至本院就醫（儀表板列在「HIS 指標計算說明」；原清單無此指標，資料來源待確認）
95,醫療機構端處理成效分析,-,優化計畫無法收案（件數、最多原因）,數值卡,,醫療機構端回覆為無法收案的優化計畫案件總數；另列出件數最多的原因及其占比【差異】原清單「醫療機構端回覆之無法收案原因分析」屬性為通用、資料區間為系統內所有數值；儀表板限優化計畫且可依日期篩選,
96,醫療機構端處理成效分析,-,優化計畫無法收案原因（原因、人數、百分比）,表格（彈窗：點擊優化計畫無法收案）,,各無法收案原因的人數；百分比＝各原因無法收案數量 ÷ 總無法收案數量 ×100%（原清單：無法收案原因關鍵字統整）【差異】原清單另有「結案失聯率」「結案拒訪率」（分母為優化計畫收案人數），儀表板只在本表列出失聯、拒訪件數，分母不同,
97,醫院內控指標(SNQ),-,居家醫療個案門診追蹤率,數值卡＋進度條,,初診為居家醫療個案且在 X 年中每年均穩定於門診或居家醫療治療 4 次以上的個案數 ÷ 初診為居家醫療（門診）個案數 ×100%；中間有中斷即不納入次年計算,純 HIS：初診為居家醫療的個案名單；各年度門診、居家醫療就醫次數
98,醫院內控指標(SNQ),-,強制住院個案出院後門診追蹤率,數值卡＋進度條,,強制住院出院後在 X 年中每年均穩定於門診或居家醫療治療 4 次以上的個案數 ÷ 強制住院個案出院人數 ×100%；中間有中斷即不納入次年計算,純 HIS：強制住院個案出院名單；出院後各年度門診、居家醫療就醫次數
99,醫院內控指標(SNQ),-,初診為居家醫療病人再住院率,數值卡＋進度條,,再住院個案數 ÷ 初診為居家醫療病人數 ×100%,純 HIS：初診為居家醫療的病人名單；住院（再住院）紀錄
100,醫院內控指標(SNQ),-,強制住院病人再住院率,數值卡＋進度條,,再住院個案數 ÷ 強制住院病人數 ×100%,純 HIS：強制住院病人名單；再住院紀錄
101,醫院內控指標(SNQ),-,緊急醫療結案後轉介至本院醫療系統比例,數值卡＋進度條,89,（結案日後在 HIS 系統有門診、居家或住院就醫紀錄的緊急醫療個案數 ÷ 緊急醫療總通報個案數）×100%,HIS 門診、居家、住院就醫紀錄：以已結案個案身分證字號比對結案日後是否有就醫紀錄
102,醫院內控指標(SNQ),-,優化計劃結案後轉介至本院醫療系統比例,數值卡＋進度條,90,（結案日後在 HIS 系統有門診、居家或住院就醫紀錄的優化計畫個案數 ÷ 優化計畫總通報個案數）×100%,HIS 門診、居家、住院就醫紀錄：以已結案個案身分證字號比對結案日後是否有就醫紀錄
103,醫院內控指標(SNQ),-,緊急醫療結案後轉介至本院醫療系統比例｜門診／居家／住院各自比例與三項合計,數值＋進度條（彈窗：點擊該指標卡）,,各項比例＝（結案日後在 HIS 系統有該項〔門診／居家／住院〕就醫紀錄的緊急醫療個案數 ÷ 緊急醫療總通報個案數）×100%；三項合計＝三項比例相加（同一個案可能有多項，合計可超過 100%）【原清單無】分項未定義，僅於呈現方式註記「HIS關聯篩選器」,HIS 門診、居家、住院就醫紀錄（需分項）：以已結案個案身分證字號比對結案日後各項就醫紀錄
104,醫院內控指標(SNQ),-,優化計劃結案後轉介至本院醫療系統比例｜門診／居家／住院各自比例與三項合計,數值＋進度條（彈窗：點擊該指標卡）,,各項比例＝（結案日後在 HIS 系統有該項〔門診／居家／住院〕就醫紀錄的優化計畫個案數 ÷ 優化計畫總通報個案數）×100%；三項合計＝三項比例相加（同一個案可能有多項，合計可超過 100%）【原清單無】分項未定義，僅於呈現方式註記「HIS關聯篩選器」,HIS 門診、居家、住院就醫紀錄（需分項）：以已結案個案身分證字號比對結案日後各項就醫紀錄
105,指揮儀表板,指揮板,總通報案件,流程圖卡片,,所選通報日期區間內的所有通報個案數（含未收案／未開案者；同項次 1）,
106,指揮儀表板,指揮板,待派案件數（件數、占總通報比例）,流程圖卡片,,件數同項次 2；占比＝待派案件數 ÷ 總通報案件 ×100%【原清單無】,
107,指揮儀表板,指揮板,已派案件數（件數、占總通報比例）,流程圖卡片,,件數同項次 3；占比＝已派案件數 ÷ 總通報案件 ×100%【原清單無】,
108,指揮儀表板,指揮板,結案件數（件數、占總通報比例）,流程圖卡片,,件數同項次 4；占比＝結案件數 ÷ 總通報案件 ×100%,
109,指揮儀表板,指揮板,未轉介 / 開案件數（件數、占總通報比例）,流程圖卡片,,件數同項次 5；占比＝未轉介／開案件數 ÷ 總通報案件 ×100%【原清單無】,
110,指揮儀表板,指揮板,緊急醫療（件數、占總通報比例）,流程圖卡片,,通報類別為緊急醫療的案件數；占比＝件數 ÷ 總通報案件 ×100%【原清單無】,
111,指揮儀表板,指揮板,緊急醫療｜待派／已派／結案／未轉介 / 開案件數（件數、占該類別比例）,流程圖卡片,,緊急醫療案件中各狀態（待派／已派／結案／未轉介或未開案）的件數；占比＝各狀態件數 ÷ 緊急醫療案件數 ×100%【原清單無】,
112,指揮儀表板,指揮板,第一類優化計畫（件數、占總通報比例）,流程圖卡片,,通報類別為第一類優化計畫的案件數；占比＝件數 ÷ 總通報案件 ×100%【原清單無】,
113,指揮儀表板,指揮板,第一類優化計畫｜待派／已派／結案／未轉介 / 開案件數（件數、占該類別比例）,流程圖卡片,,第一類優化計畫案件中各狀態（待派／已派／結案／未轉介或未開案）的件數；占比＝各狀態件數 ÷ 第一類優化計畫案件數 ×100%【原清單無】,
114,指揮儀表板,指揮板,第二類優化計畫（件數、占總通報比例）,流程圖卡片,,通報類別為第二類優化計畫的案件數；占比＝件數 ÷ 總通報案件 ×100%【原清單無】,
115,指揮儀表板,指揮板,第二類優化計畫｜待派／已派／結案／未轉介 / 開案件數（件數、占該類別比例）,流程圖卡片,,第二類優化計畫案件中各狀態（待派／已派／結案／未轉介或未開案）的件數；占比＝各狀態件數 ÷ 第二類優化計畫案件數 ×100%【原清單無】,
116,指揮儀表板,指揮板,第三類優化計畫（件數、占總通報比例）,流程圖卡片,,通報類別為第三類優化計畫的案件數；占比＝件數 ÷ 總通報案件 ×100%【原清單無】,
117,指揮儀表板,指揮板,第三類優化計畫｜待派／已派／結案／未轉介 / 開案件數（件數、占該類別比例）,流程圖卡片,,第三類優化計畫案件中各狀態（待派／已派／結案／未轉介或未開案）的件數；占比＝各狀態件數 ÷ 第三類優化計畫案件數 ×100%【原清單無】,
118,指揮儀表板,結案率,2026 年結案率（本年度）,圓環圖,,本年度已結案件數 ÷ 本年度總通報件數 ×100%（年度依通報案件所屬年度）【原清單無】,
119,指揮儀表板,結案率,本年度｜已結案（件數）,數值,,通報年度為本年度且已結案的案件數,
120,指揮儀表板,結案率,本年度｜總通報（件數）,數值,,通報年度為本年度的所有通報案件數,
121,指揮儀表板,結案率,年度結案率趨勢（2023–2026 各年度結案率、已結案／總通報件數）,橫條圖,,各年度結案率＝該年度已結案件數 ÷ 該年度總通報件數 ×100%（年度依通報案件所屬年度）【原清單無】,
122,指揮儀表板,同期比較,總覽｜高風險個案處理時間,年度比較表（2024／2025／2026 數值＋迷你橫條＋較去年增減）,,公式同項次 19；分別計算 2024、2025、2026 年同一期間（同月／同期累計／其他月份），較去年＝2026 年值 − 2025 年值【原清單無】,
123,指揮儀表板,同期比較,總覽｜中風險個案處理時間,年度比較表（2024／2025／2026 數值＋迷你橫條＋較去年增減）,,公式同項次 20；分別計算 2024、2025、2026 年同一期間（同月／同期累計／其他月份），較去年＝2026 年值 − 2025 年值【原清單無】,
124,指揮儀表板,同期比較,總覽｜低風險個案處理時間,年度比較表（2024／2025／2026 數值＋迷你橫條＋較去年增減）,,公式同項次 21；分別計算 2024、2025、2026 年同一期間（同月／同期累計／其他月份），較去年＝2026 年值 − 2025 年值【原清單無】,
125,指揮儀表板,同期比較,緊急醫療處置效率｜緊醫案件結案率,年度比較表（2024／2025／2026 數值＋迷你橫條＋較去年增減）,,公式同項次 28；分別計算 2024、2025、2026 年同一期間（同月／同期累計／其他月份），較去年＝2026 年值 − 2025 年值【原清單無】,
126,指揮儀表板,同期比較,緊急醫療處置效率｜緊醫電話處置率,年度比較表（2024／2025／2026 數值＋迷你橫條＋較去年增減）,,公式同項次 29；分別計算 2024、2025、2026 年同一期間（同月／同期累計／其他月份），較去年＝2026 年值 − 2025 年值【原清單無】,
127,指揮儀表板,同期比較,緊急醫療處置效率｜緊醫出勤處置率,年度比較表（2024／2025／2026 數值＋迷你橫條＋較去年增減）,,公式同項次 30；分別計算 2024、2025、2026 年同一期間（同月／同期累計／其他月份），較去年＝2026 年值 − 2025 年值【原清單無】,
128,指揮儀表板,同期比較,緊急醫療處置效率｜緊醫通報後派案時間,年度比較表（2024／2025／2026 數值＋迷你橫條＋較去年增減）,,公式同項次 31；分別計算 2024、2025、2026 年同一期間（同月／同期累計／其他月份），較去年＝2026 年值 − 2025 年值【原清單無】,
129,指揮儀表板,同期比較,緊急醫療處置效率｜緊醫首次專業評估時間,年度比較表（2024／2025／2026 數值＋迷你橫條＋較去年增減）,,公式同項次 32；分別計算 2024、2025、2026 年同一期間（同月／同期累計／其他月份），較去年＝2026 年值 − 2025 年值【原清單無】,
130,指揮儀表板,同期比較,緊急醫療處置效率｜緊醫出勤準備時間,年度比較表（2024／2025／2026 數值＋迷你橫條＋較去年增減）,,公式同項次 34；分別計算 2024、2025、2026 年同一期間（同月／同期累計／其他月份），較去年＝2026 年值 − 2025 年值【原清單無】,
131,指揮儀表板,同期比較,緊急醫療處置效率｜緊醫電話受理總反應時間,年度比較表（2024／2025／2026 數值＋迷你橫條＋較去年增減）,,公式同項次 33；分別計算 2024、2025、2026 年同一期間（同月／同期累計／其他月份），較去年＝2026 年值 − 2025 年值【原清單無】,
132,指揮儀表板,同期比較,緊急醫療處置效率｜緊醫出勤總反應時間,年度比較表（2024／2025／2026 數值＋迷你橫條＋較去年增減）,,公式同項次 35；分別計算 2024、2025、2026 年同一期間（同月／同期累計／其他月份），較去年＝2026 年值 − 2025 年值【原清單無】,
133,指揮儀表板,同期比較,優化計畫醫院端處置效率｜衛生局轉介案件開案率,年度比較表（2024／2025／2026 數值＋迷你橫條＋較去年增減）,,公式同項次 36；分別計算 2024、2025、2026 年同一期間（同月／同期累計／其他月份），較去年＝2026 年值 − 2025 年值【原清單無】,
134,指揮儀表板,同期比較,優化計畫醫院端處置效率｜暫不轉介覆核同意率,年度比較表（2024／2025／2026 數值＋迷你橫條＋較去年增減）,,公式同項次 37；分別計算 2024、2025、2026 年同一期間（同月／同期累計／其他月份），較去年＝2026 年值 − 2025 年值【原清單無】,
135,指揮儀表板,同期比較,優化計畫醫院端處置效率｜暫不轉介覆核駁回率,年度比較表（2024／2025／2026 數值＋迷你橫條＋較去年增減）,,公式同項次 38；分別計算 2024、2025、2026 年同一期間（同月／同期累計／其他月份），較去年＝2026 年值 − 2025 年值【原清單無】,
136,指揮儀表板,同期比較,優化計畫醫院端處置效率｜暫不轉介案件醫療介入率,年度比較表（2024／2025／2026 數值＋迷你橫條＋較去年增減）,,公式同項次 39；分別計算 2024、2025、2026 年同一期間（同月／同期累計／其他月份），較去年＝2026 年值 − 2025 年值【原清單無】,
137,指揮儀表板,同期比較,優化計畫醫院端處置效率｜暫不轉介案件覆核時間,年度比較表（2024／2025／2026 數值＋迷你橫條＋較去年增減）,,公式同項次 40；分別計算 2024、2025、2026 年同一期間（同月／同期累計／其他月份），較去年＝2026 年值 − 2025 年值【原清單無】,
138,指揮儀表板,同期比較,優化計畫醫院端處置效率｜轉介案件派案時間,年度比較表（2024／2025／2026 數值＋迷你橫條＋較去年增減）,,公式同項次 41；分別計算 2024、2025、2026 年同一期間（同月／同期累計／其他月份），較去年＝2026 年值 − 2025 年值【原清單無】,
139,指揮儀表板,同期比較,優化計畫醫院端處置效率｜轉介案件首次聯繫時間,年度比較表（2024／2025／2026 數值＋迷你橫條＋較去年增減）,,公式同項次 42；分別計算 2024、2025、2026 年同一期間（同月／同期累計／其他月份），較去年＝2026 年值 − 2025 年值【原清單無】,
140,指揮儀表板,同期比較,優化計畫醫院端處置效率｜派案後首次聯繫時間,年度比較表（2024／2025／2026 數值＋迷你橫條＋較去年增減）,,公式同項次 43；分別計算 2024、2025、2026 年同一期間（同月／同期累計／其他月份），較去年＝2026 年值 − 2025 年值【原清單無】,
141,指揮儀表板,同期比較,優化計畫醫院端處置效率｜首次專業評估時間,年度比較表（2024／2025／2026 數值＋迷你橫條＋較去年增減）,,公式同項次 44；分別計算 2024、2025、2026 年同一期間（同月／同期累計／其他月份），較去年＝2026 年值 − 2025 年值【原清單無】,
142,指揮儀表板,同期比較,優化計畫醫院端處置效率｜回覆衛生局時間,年度比較表（2024／2025／2026 數值＋迷你橫條＋較去年增減）,,公式同項次 45；分別計算 2024、2025、2026 年同一期間（同月／同期累計／其他月份），較去年＝2026 年值 − 2025 年值【原清單無】,
143,指揮儀表板,同期比較,優化計畫衛生局處置效率｜衛生局醫療轉介率,年度比較表（2024／2025／2026 數值＋迷你橫條＋較去年增減）,,公式同項次 50；分別計算 2024、2025、2026 年同一期間（同月／同期累計／其他月份），較去年＝2026 年值 − 2025 年值【原清單無】,
144,指揮儀表板,同期比較,優化計畫衛生局處置效率｜衛生局轉介本院率,年度比較表（2024／2025／2026 數值＋迷你橫條＋較去年增減）,,公式同項次 51；分別計算 2024、2025、2026 年同一期間（同月／同期累計／其他月份），較去年＝2026 年值 − 2025 年值【原清單無】,
145,指揮儀表板,同期比較,優化計畫衛生局處置效率｜本院醫療轉介占率,年度比較表（2024／2025／2026 數值＋迷你橫條＋較去年增減）,,公式同項次 52；分別計算 2024、2025、2026 年同一期間（同月／同期累計／其他月份），較去年＝2026 年值 − 2025 年值【原清單無】,
146,指揮儀表板,同期比較,優化計畫衛生局處置效率｜衛生局暫不轉介率,年度比較表（2024／2025／2026 數值＋迷你橫條＋較去年增減）,,公式同項次 53；分別計算 2024、2025、2026 年同一期間（同月／同期累計／其他月份），較去年＝2026 年值 − 2025 年值【原清單無】,
147,指揮儀表板,同期比較,優化計畫衛生局處置效率｜衛生局訪視時間,年度比較表（2024／2025／2026 數值＋迷你橫條＋較去年增減）,,公式同項次 55；分別計算 2024、2025、2026 年同一期間（同月／同期累計／其他月份），較去年＝2026 年值 − 2025 年值【原清單無】,
148,指揮儀表板,同期比較,優化計畫衛生局處置效率｜衛生局分流決策時間,年度比較表（2024／2025／2026 數值＋迷你橫條＋較去年增減）,,公式同項次 56；分別計算 2024、2025、2026 年同一期間（同月／同期累計／其他月份），較去年＝2026 年值 − 2025 年值【原清單無】,
149,指揮儀表板,同期比較,優化計畫衛生局處置效率｜衛生局回覆通報時間,年度比較表（2024／2025／2026 數值＋迷你橫條＋較去年增減）,,公式同項次 57；分別計算 2024、2025、2026 年同一期間（同月／同期累計／其他月份），較去年＝2026 年值 − 2025 年值【原清單無】,
,,,,,